INSERT INTO public.assistido (id, cadastrado_em, cadastro_instituicao, data_nascimento, encaminhado_para, uf, bairro,
                              cep, cidade, complemento, endereco, numero, escola, escolaridade,
                              id_responsavel_pelo_cadastro, informacoes_fornecidas_por, instituicao, nome, observacoes,
                              quem_indicou_apajac, status_assistido, tel_escola)
VALUES (1, '2024-08-12', false, '1992-01-01', 'As estrelas', 'SP', 'Culandia', '12365895', 'Jacareí',
        'Você está bonito hoje', 'viela do furico', '171', 'LTSC', 'Post Doc', 1, 'Dafuq BOOM', '', 'SKIBIDI BIDEN',
        null, 'John Cena', true, '11996356445');
INSERT INTO public.assistido (id, cadastrado_em, cadastro_instituicao, data_nascimento, encaminhado_para, uf, bairro,
                              cep, cidade, complemento, endereco, numero, escola, escolaridade,
                              id_responsavel_pelo_cadastro, informacoes_fornecidas_por, instituicao, nome, observacoes,
                              quem_indicou_apajac, status_assistido, tel_escola)
VALUES (2, '2024-08-12', false, '1992-01-01', 'As estrelas', 'SP', 'Culandia', '12365895', 'Jacareí',
        'Você está bonito hoje', 'viela do furico', '171', 'LTSC', 'Post Doc', 1, 'Dafuq BOOM', '', 'SKIBIDI B0iDEN',
        null, 'John Cena', true, '11996356445');
INSERT INTO public.assistido (id, cadastrado_em, cadastro_instituicao, data_nascimento, encaminhado_para, uf, bairro,
                              cep, cidade, complemento, endereco, numero, escola, escolaridade,
                              id_responsavel_pelo_cadastro, informacoes_fornecidas_por, instituicao, nome, observacoes,
                              quem_indicou_apajac, status_assistido, tel_escola)
VALUES (3, '2024-08-12', false, '1992-01-01', 'As estrelas', 'SP', 'Culandia', '12365895', 'Jacareí',
        'Você está bonito hoje', 'viela do furico', '171', 'LTSC', 'Post Doc', 1, 'Dafuq BOOM', '', 'SKOBIDI B0IDEN',
        null, 'John Cena', true, '11996356445');
INSERT INTO public.assistido (id, cadastrado_em, cadastro_instituicao, data_nascimento, encaminhado_para, uf, bairro,
                              cep, cidade, complemento, endereco, numero, escola, escolaridade,
                              id_responsavel_pelo_cadastro, informacoes_fornecidas_por, instituicao, nome, observacoes,
                              quem_indicou_apajac, status_assistido, tel_escola)
VALUES (52, '2024-08-22', false, '1912-12-12', 'alberta', 'SP', 'Loteamento Villa Branca', '12301030', 'Jacareí', null,
        'Rua Chiquinha Gonzaga', '666', 'aleatórios', 'rolês', 1, 'oráculo', '', 'RONALDINHO GAUCHO', null, '', true,
        null);
INSERT INTO public.assistido (id, cadastrado_em, cadastro_instituicao, data_nascimento, encaminhado_para, uf, bairro,
                              cep, cidade, complemento, endereco, numero, escola, escolaridade,
                              id_responsavel_pelo_cadastro, informacoes_fornecidas_por, instituicao, nome, observacoes,
                              quem_indicou_apajac, status_assistido, tel_escola)
VALUES (53, '2024-08-22', false, '1911-11-11', 'Nada Informado', 'SP', 'Parque Califórnia', '12311030', 'Jacareí', null,
        'Rua Antônio Moreira', '222', null, 'VHHGF', 1, 'KOOM', '', 'GLUP SHITTO', null, '', true, null);
INSERT INTO public.assistido (id, cadastrado_em, cadastro_instituicao, data_nascimento, encaminhado_para, uf, bairro,
                              cep, cidade, complemento, endereco, numero, escola, escolaridade,
                              id_responsavel_pelo_cadastro, informacoes_fornecidas_por, instituicao, nome, observacoes,
                              quem_indicou_apajac, status_assistido, tel_escola)
VALUES (102, '2024-08-30', false, '1968-09-12', null, 'SP', 'cu', '12235331', 'Jacareí', null, 'fiofo', '666', null,
        'jardim de infancia', 1, 'mim', '', 'ROBERTO DA COSTA', null, '', true, null);
INSERT INTO public.familiar (id, local_trabalho, nome, ocupacao, salario, tipo_parentesco, vinculo_empregaticio,
                             assistido_id)
VALUES (58, 'Mistério', 'MARIAZINHA', 'outro', 1991.30, 'MAE', 'Nada Informado', 1);
INSERT INTO public.familiar (id, local_trabalho, nome, ocupacao, salario, tipo_parentesco, vinculo_empregaticio,
                             assistido_id)
VALUES (59, 'Nada Informado', 'NADA INFORMADO', 'do_lar', 1.00, 'PAI', 'Nada Informado', 1);
INSERT INTO public.familiar (id, local_trabalho, nome, ocupacao, salario, tipo_parentesco, vinculo_empregaticio,
                             assistido_id)
VALUES (60, 'Mistério', 'MARIAZINHA', 'outro', 1991.30, 'MAE', 'Nada Informado', 2);
INSERT INTO public.familiar (id, local_trabalho, nome, ocupacao, salario, tipo_parentesco, vinculo_empregaticio,
                             assistido_id)
VALUES (61, 'Nada Informado', 'NADA INFORMADO', 'do_lar', 1.00, 'PAI', 'Nada Informado', 2);
INSERT INTO public.familiar (id, local_trabalho, nome, ocupacao, salario, tipo_parentesco, vinculo_empregaticio,
                             assistido_id)
VALUES (102, null, 'MARIAZINHA', 'outro', 1991.30, 'MAE', 'Nada Informado', 3);
INSERT INTO public.familiar (id, local_trabalho, nome, ocupacao, salario, tipo_parentesco, vinculo_empregaticio,
                             assistido_id)
VALUES (103, 'Nada Informado', 'NADA INFORMADO', 'desconhecido', null, 'PAI', null, 3);
INSERT INTO public.familiar (id, local_trabalho, nome, ocupacao, salario, tipo_parentesco, vinculo_empregaticio,
                             assistido_id)
VALUES (152, null, 'DEISE CONHECIDA', 'desconhecido', null, 'MAE', 'Nada Informado', 52);
INSERT INTO public.familiar (id, local_trabalho, nome, ocupacao, salario, tipo_parentesco, vinculo_empregaticio,
                             assistido_id)
VALUES (153, 'Nada Informado', 'NÃO', 'desconhecido', 0.00, 'PAI', 'Nada Informado', 52);
INSERT INTO public.familiar (id, local_trabalho, nome, ocupacao, salario, tipo_parentesco, vinculo_empregaticio,
                             assistido_id)
VALUES (154, null, 'IMBONHA', 'desempregado', null, 'MAE', 'Nada Informado', 53);
INSERT INTO public.familiar (id, local_trabalho, nome, ocupacao, salario, tipo_parentesco, vinculo_empregaticio,
                             assistido_id)
VALUES (155, 'Nada Informado', 'Nada Informado', 'Nada Informado', 0.00, 'PAI', 'Nada Informado', 53);
INSERT INTO public.familiar (id, local_trabalho, nome, ocupacao, salario, tipo_parentesco, vinculo_empregaticio,
                             assistido_id)
VALUES (202, null, 'MARDITA', 'desconhecido', null, 'MAE', null, 102);
INSERT INTO public.familiar (id, local_trabalho, nome, ocupacao, salario, tipo_parentesco, vinculo_empregaticio,
                             assistido_id)
VALUES (203, null, null, null, null, 'PAI', null, 102);
INSERT INTO public.responsavel (id, nome, tipo_parentesco, assistido_id)
VALUES (1, 'MARIAZINHA', 'MAE', 1);
INSERT INTO public.responsavel (id, nome, tipo_parentesco, assistido_id)
VALUES (2, 'MARIAZINHA', 'MAE', 2);
INSERT INTO public.responsavel (id, nome, tipo_parentesco, assistido_id)
VALUES (3, 'MARIAZINHA', 'MAE', 3);
INSERT INTO public.responsavel (id, nome, tipo_parentesco, assistido_id)
VALUES (52, 'DEISE CONHECIDA', 'MAE', 52);
INSERT INTO public.responsavel (id, nome, tipo_parentesco, assistido_id)
VALUES (53, 'IMBONHA', 'MAE', 53);
INSERT INTO public.responsavel (id, nome, tipo_parentesco, assistido_id)
VALUES (102, 'MARDITA', 'MAE', 102);
INSERT INTO public.contato (id, contato, familiar_id, responsavel_id)
VALUES (61, '13995986546', 58, null);
INSERT INTO public.contato (id, contato, familiar_id, responsavel_id)
VALUES (62, '0000000000', 59, null);
INSERT INTO public.contato (id, contato, familiar_id, responsavel_id)
VALUES (63, '13995986546', null, 1);
INSERT INTO public.contato (id, contato, familiar_id, responsavel_id)
VALUES (64, '13995986546', 60, null);
INSERT INTO public.contato (id, contato, familiar_id, responsavel_id)
VALUES (65, '0000000000', 61, null);
INSERT INTO public.contato (id, contato, familiar_id, responsavel_id)
VALUES (66, '13995986546', null, 2);
INSERT INTO public.contato (id, contato, familiar_id, responsavel_id)
VALUES (102, '13995986546', 102, null);
INSERT INTO public.contato (id, contato, familiar_id, responsavel_id)
VALUES (103, '0000000000', 103, null);
INSERT INTO public.contato (id, contato, familiar_id, responsavel_id)
VALUES (104, '13995986546', null, 3);
INSERT INTO public.contato (id, contato, familiar_id, responsavel_id)
VALUES (152, '12996584569', 152, null);
INSERT INTO public.contato (id, contato, familiar_id, responsavel_id)
VALUES (153, '0000000000', 153, null);
INSERT INTO public.contato (id, contato, familiar_id, responsavel_id)
VALUES (154, '12996584569', null, 52);
INSERT INTO public.contato (id, contato, familiar_id, responsavel_id)
VALUES (155, '1111111111', 154, null);
INSERT INTO public.contato (id, contato, familiar_id, responsavel_id)
VALUES (156, '', 155, null);
INSERT INTO public.contato (id, contato, familiar_id, responsavel_id)
VALUES (157, '1111111111', null, 53);
INSERT INTO public.contato (id, contato, familiar_id, responsavel_id)
VALUES (202, '0000000000', 202, null);
INSERT INTO public.contato (id, contato, familiar_id, responsavel_id)
VALUES (203, '', 203, null);
INSERT INTO public.contato (id, contato, familiar_id, responsavel_id)
VALUES (204, '0000000000', null, 102);
INSERT INTO public.usuario (id, login, nome, password, status)
VALUES (1, 'apajac', 'ADMINISTRADOR', '$2a$10$YceT4s1QHw7K4hyJ7OHCCeUoriez/n5aN44bKkG4Uuq1jre0dz5Ua', true);
INSERT INTO public.usuario (id, login, nome, password, status)
VALUES (2, 'skibidi', 'GNARLS BARKLEY', '$2a$10$Wpxu36l/be67H1yqbHoCv.arh7Xz3.RpcYP/9epmLQ0UmP3nG.vd2', true);
INSERT INTO public.usuario_entity_roles (usuario_entity_id, roles)
VALUES (1, 'cadastrar_assistido');
INSERT INTO public.usuario_entity_roles (usuario_entity_id, roles)
VALUES (1, 'admin');
INSERT INTO public.usuario_entity_roles (usuario_entity_id, roles)
VALUES (1, 'consultar_exame');
INSERT INTO public.usuario_entity_roles (usuario_entity_id, roles)
VALUES (1, 'consultar_assistido');
INSERT INTO public.usuario_entity_roles (usuario_entity_id, roles)
VALUES (1, 'alterar_assistido');
INSERT INTO public.usuario_entity_roles (usuario_entity_id, roles)
VALUES (1, 'realizar_exame');
INSERT INTO public.usuario_entity_roles (usuario_entity_id, roles)
VALUES (2, 'cadastrar_assistido');
INSERT INTO public.usuario_entity_roles (usuario_entity_id, roles)
VALUES (2, 'consultar_exame');
INSERT INTO public.usuario_entity_roles (usuario_entity_id, roles)
VALUES (2, 'consultar_assistido');
INSERT INTO public.usuario_entity_roles (usuario_entity_id, roles)
VALUES (2, 'alterar_assistido');
INSERT INTO public.usuario_entity_roles (usuario_entity_id, roles)
VALUES (2, 'realizar_exame');
INSERT INTO public.auditoria (id, body, data, id_usuario, servico, tipo)
VALUES (1,
        'UsuarioEntity(id=1, nome=null, status=true, login=apajac, password=$2a$10$YceT4s1QHw7K4hyJ7OHCCeUoriez/n5aN44bKkG4Uuq1jre0dz5Ua, roles=[root])',
        '2024-07-10 23:37:54.342067', 0, 'UsuarioService', 'C');
INSERT INTO public.auditoria (id, body, data, id_usuario, servico, tipo)
VALUES (2,
        'UsuarioEntity(id=1, nome=ADMINISTRADOR, status=true, login=apajac, password=$2a$10$YceT4s1QHw7K4hyJ7OHCCeUoriez/n5aN44bKkG4Uuq1jre0dz5Ua, roles=[cadastrar_assistido, admin, consultar_assistido, alterar_assistido])',
        '2024-07-10 23:44:14.602820', null, 'UsuarioService', 'U');
INSERT INTO public.auditoria (id, body, data, id_usuario, servico, tipo)
VALUES (52,
        'AssistidoEntity(id=null, nome=SKIBIDI BIDEN, dataNascimento=1992-01-01, escolaridade=Post Doc, escola=LTSC, telEscola=11996356445, cadastroInstituicao=false, instituicao=, encaminhadoPara=As estrelas, quemIndicouApajac=John Cena, informacoesFornecidasPor=Dafuq BOOM, idResponsavelPeloCadastro=1, cadastradoEm=2024-08-12, statusAssistido=true, endereco=com.apajac.acolhimento.domain.entities.Endereco@484e2576, observacoes=null)',
        '2024-08-12 23:42:34.061654', 1, 'PersistirAssistidoService', 'C');
INSERT INTO public.auditoria (id, body, data, id_usuario, servico, tipo)
VALUES (53,
        '[com.apajac.acolhimento.domain.dtos.FamiliarDTO@2b19ec7d, com.apajac.acolhimento.domain.dtos.FamiliarDTO@57d49d99]',
        '2024-08-12 23:42:35.843693', 1, 'PersistirAssistidoService', 'C');
INSERT INTO public.auditoria (id, body, data, id_usuario, servico, tipo)
VALUES (54, '[]', '2024-08-12 23:42:35.844114', 1, 'PersistirAssistidoService', 'C');
INSERT INTO public.auditoria (id, body, data, id_usuario, servico, tipo)
VALUES (55,
        'ResponsavelEntity(id=1, nome=MARIAZINHA, tipoParentesco=MAE, assistido=AssistidoEntity(id=1, nome=SKIBIDI BIDEN, dataNascimento=1992-01-01, escolaridade=Post Doc, escola=LTSC, telEscola=11996356445, cadastroInstituicao=false, instituicao=, encaminhadoPara=As estrelas, quemIndicouApajac=John Cena, informacoesFornecidasPor=Dafuq BOOM, idResponsavelPeloCadastro=1, cadastradoEm=2024-08-12, statusAssistido=true, endereco=com.apajac.acolhimento.domain.entities.Endereco@484e2576, observacoes=null))',
        '2024-08-12 23:42:36.595606', 1, 'PersistirAssistidoService', 'C');
INSERT INTO public.auditoria (id, body, data, id_usuario, servico, tipo)
VALUES (56,
        'AssistidoEntity(id=1, nome=SKIBIDI BIDEN, dataNascimento=1992-01-01, escolaridade=Post Doc, escola=LTSC, telEscola=11996356445, cadastroInstituicao=false, instituicao=, encaminhadoPara=As estrelas, quemIndicouApajac=John Cena, informacoesFornecidasPor=Dafuq BOOM, idResponsavelPeloCadastro=1, cadastradoEm=2024-08-12, statusAssistido=true, endereco=com.apajac.acolhimento.domain.entities.Endereco@55f52fbe, observacoes=null)',
        '2024-08-12 23:44:02.217046', 1, 'PersistirAssistidoService', 'U');
INSERT INTO public.auditoria (id, body, data, id_usuario, servico, tipo)
VALUES (57,
        '[com.apajac.acolhimento.domain.dtos.FamiliarDTO@6a33946c, com.apajac.acolhimento.domain.dtos.FamiliarDTO@2b01f3f2]',
        '2024-08-12 23:44:03.873894', 1, 'PersistirAssistidoService', 'U');
INSERT INTO public.auditoria (id, body, data, id_usuario, servico, tipo)
VALUES (58, '[]', '2024-08-12 23:44:04.002777', 1, 'PersistirAssistidoService', 'U');
INSERT INTO public.auditoria (id, body, data, id_usuario, servico, tipo)
VALUES (59,
        'ResponsavelEntity(id=1, nome=MARIAZINHA, tipoParentesco=MAE, assistido=AssistidoEntity(id=1, nome=SKIBIDI BIDEN, dataNascimento=1992-01-01, escolaridade=Post Doc, escola=LTSC, telEscola=11996356445, cadastroInstituicao=false, instituicao=, encaminhadoPara=As estrelas, quemIndicouApajac=John Cena, informacoesFornecidasPor=Dafuq BOOM, idResponsavelPeloCadastro=1, cadastradoEm=2024-08-12, statusAssistido=true, endereco=com.apajac.acolhimento.domain.entities.Endereco@55f52fbe, observacoes=null))',
        '2024-08-12 23:44:04.500471', 1, 'PersistirAssistidoService', 'U');
INSERT INTO public.auditoria (id, body, data, id_usuario, servico, tipo)
VALUES (102,
        'AssistidoEntity(id=1, nome=SKIBIDI BIDEN, dataNascimento=1992-01-01, escolaridade=Post Doc, escola=LTSC, telEscola=11996356445, cadastroInstituicao=false, instituicao=, encaminhadoPara=As estrelas, quemIndicouApajac=John Cena, informacoesFornecidasPor=Dafuq BOOM, idResponsavelPeloCadastro=1, cadastradoEm=2024-08-12, statusAssistido=true, endereco=com.apajac.acolhimento.domain.entities.Endereco@11baae1d, observacoes=null)',
        '2024-08-13 12:04:28.686365', 1, 'PersistirAssistidoService', 'U');
INSERT INTO public.auditoria (id, body, data, id_usuario, servico, tipo)
VALUES (103,
        '[com.apajac.acolhimento.domain.dtos.FamiliarDTO@661bd741, com.apajac.acolhimento.domain.dtos.FamiliarDTO@34a8a569]',
        '2024-08-13 12:04:30.849596', 1, 'PersistirAssistidoService', 'U');
INSERT INTO public.auditoria (id, body, data, id_usuario, servico, tipo)
VALUES (104, '[]', '2024-08-13 12:04:30.977843', 1, 'PersistirAssistidoService', 'U');
INSERT INTO public.auditoria (id, body, data, id_usuario, servico, tipo)
VALUES (105,
        'ResponsavelEntity(id=1, nome=MARIAZINHA, tipoParentesco=MAE, assistido=AssistidoEntity(id=1, nome=SKIBIDI BIDEN, dataNascimento=1992-01-01, escolaridade=Post Doc, escola=LTSC, telEscola=11996356445, cadastroInstituicao=false, instituicao=, encaminhadoPara=As estrelas, quemIndicouApajac=John Cena, informacoesFornecidasPor=Dafuq BOOM, idResponsavelPeloCadastro=1, cadastradoEm=2024-08-12, statusAssistido=true, endereco=com.apajac.acolhimento.domain.entities.Endereco@11baae1d, observacoes=null))',
        '2024-08-13 12:04:31.481988', 1, 'PersistirAssistidoService', 'U');
INSERT INTO public.auditoria (id, body, data, id_usuario, servico, tipo)
VALUES (106,
        'AssistidoEntity(id=1, nome=SKIBIDI BIDEN, dataNascimento=1992-01-01, escolaridade=Post Doc, escola=LTSC, telEscola=11996356445, cadastroInstituicao=false, instituicao=, encaminhadoPara=As estrelas, quemIndicouApajac=John Cena, informacoesFornecidasPor=Dafuq BOOM, idResponsavelPeloCadastro=1, cadastradoEm=2024-08-12, statusAssistido=true, endereco=com.apajac.acolhimento.domain.entities.Endereco@53003042, observacoes=null)',
        '2024-08-13 12:06:28.677993', 1, 'PersistirAssistidoService', 'U');
INSERT INTO public.auditoria (id, body, data, id_usuario, servico, tipo)
VALUES (107,
        '[com.apajac.acolhimento.domain.dtos.FamiliarDTO@5414663, com.apajac.acolhimento.domain.dtos.FamiliarDTO@71f4fd54]',
        '2024-08-13 12:06:30.349146', 1, 'PersistirAssistidoService', 'U');
INSERT INTO public.auditoria (id, body, data, id_usuario, servico, tipo)
VALUES (108, '[]', '2024-08-13 12:06:30.483396', 1, 'PersistirAssistidoService', 'U');
INSERT INTO public.auditoria (id, body, data, id_usuario, servico, tipo)
VALUES (109,
        'ResponsavelEntity(id=1, nome=MARIAZINHA, tipoParentesco=MAE, assistido=AssistidoEntity(id=1, nome=SKIBIDI BIDEN, dataNascimento=1992-01-01, escolaridade=Post Doc, escola=LTSC, telEscola=11996356445, cadastroInstituicao=false, instituicao=, encaminhadoPara=As estrelas, quemIndicouApajac=John Cena, informacoesFornecidasPor=Dafuq BOOM, idResponsavelPeloCadastro=1, cadastradoEm=2024-08-12, statusAssistido=true, endereco=com.apajac.acolhimento.domain.entities.Endereco@53003042, observacoes=null))',
        '2024-08-13 12:06:30.991792', 1, 'PersistirAssistidoService', 'U');
INSERT INTO public.auditoria (id, body, data, id_usuario, servico, tipo)
VALUES (110,
        'AssistidoEntity(id=1, nome=SKIBIDI BIDEN, dataNascimento=1992-01-01, escolaridade=Post Doc, escola=LTSC, telEscola=11996356445, cadastroInstituicao=false, instituicao=, encaminhadoPara=As estrelas, quemIndicouApajac=John Cena, informacoesFornecidasPor=Dafuq BOOM, idResponsavelPeloCadastro=1, cadastradoEm=2024-08-12, statusAssistido=true, endereco=com.apajac.acolhimento.domain.entities.Endereco@e569588, observacoes=null)',
        '2024-08-13 12:13:18.426956', 1, 'PersistirAssistidoService', 'U');
INSERT INTO public.auditoria (id, body, data, id_usuario, servico, tipo)
VALUES (111,
        '[com.apajac.acolhimento.domain.dtos.FamiliarDTO@494550c5, com.apajac.acolhimento.domain.dtos.FamiliarDTO@2ec5a594]',
        '2024-08-13 12:13:20.108498', 1, 'PersistirAssistidoService', 'U');
INSERT INTO public.auditoria (id, body, data, id_usuario, servico, tipo)
VALUES (112, '[]', '2024-08-13 12:13:20.235023', 1, 'PersistirAssistidoService', 'U');
INSERT INTO public.auditoria (id, body, data, id_usuario, servico, tipo)
VALUES (113,
        'ResponsavelEntity(id=1, nome=MARIAZINHA, tipoParentesco=MAE, assistido=AssistidoEntity(id=1, nome=SKIBIDI BIDEN, dataNascimento=1992-01-01, escolaridade=Post Doc, escola=LTSC, telEscola=11996356445, cadastroInstituicao=false, instituicao=, encaminhadoPara=As estrelas, quemIndicouApajac=John Cena, informacoesFornecidasPor=Dafuq BOOM, idResponsavelPeloCadastro=1, cadastradoEm=2024-08-12, statusAssistido=true, endereco=com.apajac.acolhimento.domain.entities.Endereco@e569588, observacoes=null))',
        '2024-08-13 12:13:20.756274', 1, 'PersistirAssistidoService', 'U');
INSERT INTO public.auditoria (id, body, data, id_usuario, servico, tipo)
VALUES (114,
        'AssistidoEntity(id=1, nome=SKIBIDI BIDEN, dataNascimento=1992-01-01, escolaridade=Post Doc, escola=LTSC, telEscola=11996356445, cadastroInstituicao=false, instituicao=, encaminhadoPara=As estrelas, quemIndicouApajac=John Cena, informacoesFornecidasPor=Dafuq BOOM, idResponsavelPeloCadastro=1, cadastradoEm=2024-08-12, statusAssistido=true, endereco=com.apajac.acolhimento.domain.entities.Endereco@15b28c7f, observacoes=null)',
        '2024-08-13 12:14:25.277638', 1, 'PersistirAssistidoService', 'U');
INSERT INTO public.auditoria (id, body, data, id_usuario, servico, tipo)
VALUES (115,
        '[com.apajac.acolhimento.domain.dtos.FamiliarDTO@1bd0507c, com.apajac.acolhimento.domain.dtos.FamiliarDTO@63cb13cd]',
        '2024-08-13 12:14:26.930961', 1, 'PersistirAssistidoService', 'U');
INSERT INTO public.auditoria (id, body, data, id_usuario, servico, tipo)
VALUES (116, '[]', '2024-08-13 12:14:27.061118', 1, 'PersistirAssistidoService', 'U');
INSERT INTO public.auditoria (id, body, data, id_usuario, servico, tipo)
VALUES (117,
        'ResponsavelEntity(id=1, nome=MARIAZINHA, tipoParentesco=MAE, assistido=AssistidoEntity(id=1, nome=SKIBIDI BIDEN, dataNascimento=1992-01-01, escolaridade=Post Doc, escola=LTSC, telEscola=11996356445, cadastroInstituicao=false, instituicao=, encaminhadoPara=As estrelas, quemIndicouApajac=John Cena, informacoesFornecidasPor=Dafuq BOOM, idResponsavelPeloCadastro=1, cadastradoEm=2024-08-12, statusAssistido=true, endereco=com.apajac.acolhimento.domain.entities.Endereco@15b28c7f, observacoes=null))',
        '2024-08-13 12:14:27.576373', 1, 'PersistirAssistidoService', 'U');
INSERT INTO public.auditoria (id, body, data, id_usuario, servico, tipo)
VALUES (118,
        'AssistidoEntity(id=null, nome=SKIBIDI B0iDEN, dataNascimento=1992-01-01, escolaridade=Post Doc, escola=LTSC, telEscola=11996356445, cadastroInstituicao=false, instituicao=, encaminhadoPara=As estrelas, quemIndicouApajac=John Cena, informacoesFornecidasPor=Dafuq BOOM, idResponsavelPeloCadastro=1, cadastradoEm=2024-08-12, statusAssistido=true, endereco=com.apajac.acolhimento.domain.entities.Endereco@3545867c, observacoes=null)',
        '2024-08-13 12:18:35.936944', 1, 'PersistirAssistidoService', 'C');
INSERT INTO public.auditoria (id, body, data, id_usuario, servico, tipo)
VALUES (119,
        '[com.apajac.acolhimento.domain.dtos.FamiliarDTO@2538deba, com.apajac.acolhimento.domain.dtos.FamiliarDTO@edaff58]',
        '2024-08-13 12:18:37.019346', 1, 'PersistirAssistidoService', 'C');
INSERT INTO public.auditoria (id, body, data, id_usuario, servico, tipo)
VALUES (120, '[]', '2024-08-13 12:18:37.019786', 1, 'PersistirAssistidoService', 'C');
INSERT INTO public.auditoria (id, body, data, id_usuario, servico, tipo)
VALUES (121,
        'ResponsavelEntity(id=2, nome=MARIAZINHA, tipoParentesco=MAE, assistido=AssistidoEntity(id=2, nome=SKIBIDI B0iDEN, dataNascimento=1992-01-01, escolaridade=Post Doc, escola=LTSC, telEscola=11996356445, cadastroInstituicao=false, instituicao=, encaminhadoPara=As estrelas, quemIndicouApajac=John Cena, informacoesFornecidasPor=Dafuq BOOM, idResponsavelPeloCadastro=1, cadastradoEm=2024-08-12, statusAssistido=true, endereco=com.apajac.acolhimento.domain.entities.Endereco@3545867c, observacoes=null))',
        '2024-08-13 12:18:37.813760', 1, 'PersistirAssistidoService', 'C');
INSERT INTO public.auditoria (id, body, data, id_usuario, servico, tipo)
VALUES (122,
        'AssistidoEntity(id=null, nome=SKoBIDI B0iDEN, dataNascimento=1992-01-01, escolaridade=Post Doc, escola=LTSC, telEscola=11996356445, cadastroInstituicao=false, instituicao=, encaminhadoPara=As estrelas, quemIndicouApajac=John Cena, informacoesFornecidasPor=Dafuq BOOM, idResponsavelPeloCadastro=1, cadastradoEm=2024-08-12, statusAssistido=true, endereco=com.apajac.acolhimento.domain.entities.Endereco@5678357f, observacoes=null)',
        '2024-08-13 12:20:44.908318', 1, 'PersistirAssistidoService', 'C');
INSERT INTO public.auditoria (id, body, data, id_usuario, servico, tipo)
VALUES (123,
        '[com.apajac.acolhimento.domain.dtos.FamiliarDTO@974f6cc, com.apajac.acolhimento.domain.dtos.FamiliarDTO@280fb01b]',
        '2024-08-13 12:20:45.824645', 1, 'PersistirAssistidoService', 'C');
INSERT INTO public.auditoria (id, body, data, id_usuario, servico, tipo)
VALUES (124, '[]', '2024-08-13 12:20:45.824995', 1, 'PersistirAssistidoService', 'C');
INSERT INTO public.auditoria (id, body, data, id_usuario, servico, tipo)
VALUES (125,
        'ResponsavelEntity(id=3, nome=MARIAZINHA, tipoParentesco=MAE, assistido=AssistidoEntity(id=3, nome=SKoBIDI B0iDEN, dataNascimento=1992-01-01, escolaridade=Post Doc, escola=LTSC, telEscola=11996356445, cadastroInstituicao=false, instituicao=, encaminhadoPara=As estrelas, quemIndicouApajac=John Cena, informacoesFornecidasPor=Dafuq BOOM, idResponsavelPeloCadastro=1, cadastradoEm=2024-08-12, statusAssistido=true, endereco=com.apajac.acolhimento.domain.entities.Endereco@5678357f, observacoes=null))',
        '2024-08-13 12:20:46.456514', 1, 'PersistirAssistidoService', 'C');
INSERT INTO public.auditoria (id, body, data, id_usuario, servico, tipo)
VALUES (152,
        'AssistidoEntity(id=3, nome=SKOBIDI B0IDEN, dataNascimento=1992-01-01, escolaridade=Post Doc, escola=LTSC, telEscola=11996356445, cadastroInstituicao=false, instituicao=, encaminhadoPara=As estrelas, quemIndicouApajac=John Cena, informacoesFornecidasPor=Dafuq BOOM, idResponsavelPeloCadastro=1, cadastradoEm=2024-08-12, statusAssistido=true, endereco=com.apajac.acolhimento.domain.entities.Endereco@48d1f5ff, observacoes=null)',
        '2024-08-13 12:43:50.602894', 1, 'PersistirAssistidoService', 'U');
INSERT INTO public.auditoria (id, body, data, id_usuario, servico, tipo)
VALUES (153,
        '[FamiliarDTO(nome=MARIAZINHA, contatos=[com.apajac.acolhimento.domain.dtos.ContatoDTO@5fc9a37d], ocupacao=outro, localTrabalho=null, salario=1991.3, vinculoEmpregaticio=Nada Informado, tipoParentesco=MAE), FamiliarDTO(nome=NADA INFORMADO, contatos=[com.apajac.acolhimento.domain.dtos.ContatoDTO@6a79e0fb], ocupacao=desconhecido, localTrabalho=Nada Informado, salario=null, vinculoEmpregaticio=null, tipoParentesco=PAI)]',
        '2024-08-13 12:43:52.903843', 1, 'PersistirAssistidoService', 'U');
INSERT INTO public.auditoria (id, body, data, id_usuario, servico, tipo)
VALUES (154, '[]', '2024-08-13 12:43:53.044049', 1, 'PersistirAssistidoService', 'U');
INSERT INTO public.auditoria (id, body, data, id_usuario, servico, tipo)
VALUES (155,
        'ResponsavelEntity(id=3, nome=MARIAZINHA, tipoParentesco=MAE, assistido=AssistidoEntity(id=3, nome=SKOBIDI B0IDEN, dataNascimento=1992-01-01, escolaridade=Post Doc, escola=LTSC, telEscola=11996356445, cadastroInstituicao=false, instituicao=, encaminhadoPara=As estrelas, quemIndicouApajac=John Cena, informacoesFornecidasPor=Dafuq BOOM, idResponsavelPeloCadastro=1, cadastradoEm=2024-08-12, statusAssistido=true, endereco=com.apajac.acolhimento.domain.entities.Endereco@48d1f5ff, observacoes=null))',
        '2024-08-13 12:43:53.554906', 1, 'PersistirAssistidoService', 'U');
INSERT INTO public.auditoria (id, body, data, id_usuario, servico, tipo)
VALUES (202,
        'AssistidoEntity(id=null, nome=RONALDINHO GAUCHO, dataNascimento=1912-12-12, escolaridade=rolês, escola=aleatórios, telEscola=null, cadastroInstituicao=false, instituicao=, encaminhadoPara=alberta, quemIndicouApajac=, informacoesFornecidasPor=oráculo, idResponsavelPeloCadastro=1, cadastradoEm=2024-08-22, statusAssistido=true, endereco=com.apajac.acolhimento.domain.entities.Endereco@62f2dc19, observacoes=null)',
        '2024-08-22 14:55:30.450709', 1, 'PersistirAssistidoService', 'C');
INSERT INTO public.auditoria (id, body, data, id_usuario, servico, tipo)
VALUES (203,
        '[FamiliarDTO(nome=DEISE CONHECIDA, contatos=[com.apajac.acolhimento.domain.dtos.ContatoDTO@1a3c6a99], ocupacao=desconhecido, localTrabalho=null, salario=null, vinculoEmpregaticio=null, tipoParentesco=MAE), FamiliarDTO(nome=NÃO, contatos=[com.apajac.acolhimento.domain.dtos.ContatoDTO@36a0711e], ocupacao=desconhecido, localTrabalho=null, salario=null, vinculoEmpregaticio=null, tipoParentesco=PAI)]',
        '2024-08-22 14:55:31.972970', 1, 'PersistirAssistidoService', 'C');
INSERT INTO public.auditoria (id, body, data, id_usuario, servico, tipo)
VALUES (204, '[]', '2024-08-22 14:55:31.973490', 1, 'PersistirAssistidoService', 'C');
INSERT INTO public.auditoria (id, body, data, id_usuario, servico, tipo)
VALUES (205,
        'ResponsavelEntity(id=52, nome=DEISE CONHECIDA, tipoParentesco=MAE, assistido=AssistidoEntity(id=52, nome=RONALDINHO GAUCHO, dataNascimento=1912-12-12, escolaridade=rolês, escola=aleatórios, telEscola=null, cadastroInstituicao=false, instituicao=, encaminhadoPara=alberta, quemIndicouApajac=, informacoesFornecidasPor=oráculo, idResponsavelPeloCadastro=1, cadastradoEm=2024-08-22, statusAssistido=true, endereco=com.apajac.acolhimento.domain.entities.Endereco@62f2dc19, observacoes=null))',
        '2024-08-22 14:55:32.752887', 1, 'PersistirAssistidoService', 'C');
INSERT INTO public.auditoria (id, body, data, id_usuario, servico, tipo)
VALUES (206,
        'AssistidoEntity(id=null, nome=GLUP SHITTO, dataNascimento=1911-11-11, escolaridade=VHHGF, escola=null, telEscola=null, cadastroInstituicao=false, instituicao=, encaminhadoPara=Nada Informado, quemIndicouApajac=, informacoesFornecidasPor=KOOM, idResponsavelPeloCadastro=1, cadastradoEm=2024-08-22, statusAssistido=true, endereco=com.apajac.acolhimento.domain.entities.Endereco@663225a9, observacoes=null)',
        '2024-08-22 14:59:54.999415', 1, 'PersistirAssistidoService', 'C');
INSERT INTO public.auditoria (id, body, data, id_usuario, servico, tipo)
VALUES (207,
        '[FamiliarDTO(nome=IMBONHA, contatos=[com.apajac.acolhimento.domain.dtos.ContatoDTO@495dd81b], ocupacao=desempregado, localTrabalho=null, salario=null, vinculoEmpregaticio=null, tipoParentesco=MAE), FamiliarDTO(nome=null, contatos=[com.apajac.acolhimento.domain.dtos.ContatoDTO@5bb4a1a5], ocupacao=null, localTrabalho=null, salario=null, vinculoEmpregaticio=null, tipoParentesco=PAI)]',
        '2024-08-22 14:59:55.930591', 1, 'PersistirAssistidoService', 'C');
INSERT INTO public.auditoria (id, body, data, id_usuario, servico, tipo)
VALUES (208, '[]', '2024-08-22 14:59:55.930841', 1, 'PersistirAssistidoService', 'C');
INSERT INTO public.auditoria (id, body, data, id_usuario, servico, tipo)
VALUES (209,
        'ResponsavelEntity(id=53, nome=IMBONHA, tipoParentesco=MAE, assistido=AssistidoEntity(id=53, nome=GLUP SHITTO, dataNascimento=1911-11-11, escolaridade=VHHGF, escola=null, telEscola=null, cadastroInstituicao=false, instituicao=, encaminhadoPara=Nada Informado, quemIndicouApajac=, informacoesFornecidasPor=KOOM, idResponsavelPeloCadastro=1, cadastradoEm=2024-08-22, statusAssistido=true, endereco=com.apajac.acolhimento.domain.entities.Endereco@663225a9, observacoes=null))',
        '2024-08-22 14:59:56.599665', 1, 'PersistirAssistidoService', 'C');
INSERT INTO public.auditoria (id, body, data, id_usuario, servico, tipo)
VALUES (252,
        'AssistidoEntity(id=null, nome=ROBERTO DA COSTA, dataNascimento=1968-09-12, escolaridade=jardim de infancia, escola=null, telEscola=null, cadastroInstituicao=false, instituicao=, encaminhadoPara=null, quemIndicouApajac=, informacoesFornecidasPor=mim, idResponsavelPeloCadastro=1, cadastradoEm=2024-08-30, statusAssistido=true, endereco=com.apajac.acolhimento.domain.entities.Endereco@662ff1c1, observacoes=null)',
        '2024-08-30 01:00:14.493313', 1, 'PersistirAssistidoService', 'C');
INSERT INTO public.auditoria (id, body, data, id_usuario, servico, tipo)
VALUES (253,
        '[FamiliarDTO(nome=MARDITA, contatos=[com.apajac.acolhimento.domain.dtos.ContatoDTO@7258b2b2], ocupacao=desconhecido, localTrabalho=null, salario=null, vinculoEmpregaticio=null, tipoParentesco=MAE), FamiliarDTO(nome=null, contatos=[com.apajac.acolhimento.domain.dtos.ContatoDTO@67895dd], ocupacao=null, localTrabalho=null, salario=null, vinculoEmpregaticio=null, tipoParentesco=PAI)]',
        '2024-08-30 01:00:16.306249', 1, 'PersistirAssistidoService', 'C');
INSERT INTO public.auditoria (id, body, data, id_usuario, servico, tipo)
VALUES (254, '[]', '2024-08-30 01:00:16.307133', 1, 'PersistirAssistidoService', 'C');
INSERT INTO public.auditoria (id, body, data, id_usuario, servico, tipo)
VALUES (255,
        'ResponsavelEntity(id=102, nome=MARDITA, tipoParentesco=MAE, assistido=AssistidoEntity(id=102, nome=ROBERTO DA COSTA, dataNascimento=1968-09-12, escolaridade=jardim de infancia, escola=null, telEscola=null, cadastroInstituicao=false, instituicao=, encaminhadoPara=null, quemIndicouApajac=, informacoesFornecidasPor=mim, idResponsavelPeloCadastro=1, cadastradoEm=2024-08-30, statusAssistido=true, endereco=com.apajac.acolhimento.domain.entities.Endereco@662ff1c1, observacoes=null))',
        '2024-08-30 01:00:17.080151', 1, 'PersistirAssistidoService', 'C');
INSERT INTO public.auditoria (id, body, data, id_usuario, servico, tipo)
VALUES (302,
        'UsuarioEntity(id=1, nome=ADMINISTRADOR, status=true, login=apajac, password=$2a$10$YceT4s1QHw7K4hyJ7OHCCeUoriez/n5aN44bKkG4Uuq1jre0dz5Ua, roles=[cadastrar_assistido, admin, consultar_exame, consultar_assistido, alterar_assistido, realizar_exame])',
        '2024-09-17 21:06:59.008873', null, 'UsuarioService', 'U');
INSERT INTO public.auditoria (id, body, data, id_usuario, servico, tipo)
VALUES (303,
        'UsuarioEntity(id=2, nome=GNARLS BARKLEY, status=true, login=skibidi, password=$2a$10$Wpxu36l/be67H1yqbHoCv.arh7Xz3.RpcYP/9epmLQ0UmP3nG.vd2, roles=[cadastrar_assistido, consultar_exame, consultar_assistido, alterar_assistido, realizar_exame])',
        '2024-09-17 21:08:17.469780', null, 'UsuarioService', 'C');

